hash,time
_0009,3.332164552476671e-05
_000o,4.411094328936408e-05
_000D,3.215135672153571e-05
_000S,5.001544952392578e-05
_0016,3.9727482574664996e-05
_001l,4.288446988990839e-05
_001A,4.5783760011658186e-05
_001P,3.650548646775939e-05
_0023,5.354526195120304e-05
_002i,4.921975682993404e-05
_002x,3.510713577270508e-05
_002M,3.338392886369588e-05
_0030,3.846305789369525e-05
_003f,3.3659881420349804e-05
_003u,3.435892217299518e-05
_003J,3.9265825857524e-05
_003Y,3.79689132110982e-05
_004c,3.8959429814265326e-05
_004r,3.936886787414551e-05
_004G,4.4285732766856315e-05
_004V,3.408250354585194e-05
_0059,3.168401838857916e-05
_005o,3.880123759424964e-05
_005D,3.953312718591025e-05
_005S,3.281294130811504e-05
_0066,3.422873360770089e-05
_006l,4.280805587768555e-05
_006A,2.8643311495986282e-05
_006P,4.919630582215356e-05
_0073,3.407785556460387e-05
_007i,3.448437000143117e-05
_007x,4.211393724970457e-05
_007M,5.0568821454288984e-05
_0080,3.8782755533854164e-05
_008f,3.344217936197917e-05
_008u,3.173649311065674e-05
_008J,3.958687068909172e-05
_008Y,4.736432489359154e-05
_009c,3.545686423060406e-05
_009r,4.8270592322716344e-05
_009G,3.002789206133631e-05
_009V,3.477307253105696e-05
_00a9,3.505868521350169e-05
_00ao,3.51029773091161e-05
_00aD,4.3854000061515745e-05
_00aS,3.7436361436720016e-05
_00b6,4.9200712465772444e-05
_00bl,4.8584662950955906e-05
_00bA,3.5594886457416374e-05
_00bP,4.4030055665133293e-05
_00c3,2.7813754238925137e-05
_00ci,3.125495517376772e-05
_00cx,4.6447471336082175e-05
_00cM,3.692181441035584e-05
_00d0,3.382292660799894e-05
_00df,3.885672642634465e-05
_00du,3.5821637020835395e-05
_00dJ,4.2622830687450764e-05
_00dY,3.1490376926360924e-05
_00ec,4.073080977773279e-05
_00er,4.174709320068359e-05
_00eG,3.726437965535229e-05
_00eV,4.222356911861535e-05
_00f9,6.246064838610198e-05
_00fo,3.522886356837313e-05
_00fD,4.0714263916015625e-05
_00fS,3.6113233451383656e-05
_00g6,3.3198140602744084e-05
_00gl,3.184318542480469e-05
_00gA,3.839682226311671e-05
_00gP,5.1820401063899405e-05
_00h3,3.253486421373155e-05
_00hi,4.041387188819147e-05
_00hx,3.911927342414856e-05
_00hM,4.238193317995233e-05
_00i0,3.6665935390042944e-05
_00if,3.1294646086516205e-05
_00iu,2.625965336871042e-05
_00iJ,2.933663931506419e-05
_00iY,2.253324465644091e-05
_00jc,3.592680532036098e-05
_00jr,2.6188595756810374e-05
_00jG,4.066003335488809e-05
_00jV,2.800293688504201e-05
_00k9,3.473957379659017e-05
_00ko,3.221086276474819e-05
_00kD,3.619875226702009e-05
_00kS,4.362438036047894e-05
_00l6,4.294285407433143e-05
_00ll,3.173868492166832e-05
_00lA,2.5011819123215815e-05
_00lP,3.048439615780545e-05
_00m3,3.052763192050428e-05
_00mi,3.258948740751847e-05
_00mx,4.7326087951660156e-05
_00mM,1.950013010125411e-05
_00n0,3.298536523596033e-05
_00nf,3.887146942375242e-05
_00nu,3.532403045230442e-05
_00nJ,4.3170064942449586e-05
_00nY,3.142686600380756e-05
_00oc,3.455836197425579e-05
_00or,3.275749789681404e-05
_00oG,3.155156185752467e-05
_00oV,3.715797706886574e-05
_00p9,3.8261631972917166e-05
_00po,2.8103170260577133e-05
_00pD,3.940005635106286e-05
_00pS,3.8432769286326875e-05
_00q6,3.0909975369771324e-05
_00ql,3.4092502160505816e-05
_00qA,3.33004527621799e-05
_00qP,3.966490427652995e-05
_00r3,3.756516015351708e-05
_00ri,2.706428458787737e-05
_00rx,3.424830406716785e-05
_00rM,3.276025095293599e-05
_00s0,3.917033855731671e-05
_00sf,5.0869855013760656e-05
_00su,2.382954521358293e-05
_00sJ,3.8121156631761296e-05
_00sY,3.0417127657662792e-05
_00tc,3.95511879640467e-05
_00tr,3.425461905343192e-05
_00tG,3.732869654525945e-05
_00tV,5.055196357495857e-05
_00u9,4.3495841648267664e-05
_00uo,3.154528768439042e-05
_00uD,3.8865586401711045e-05
_00uS,4.0535991256301465e-05
_00v6,3.847158872164213e-05
_00vl,2.998649003263005e-05
_00vA,3.676730043747846e-05
_00vP,3.940289414773776e-05
_00w3,4.1714915028818836e-05
_00wi,3.938412103127307e-05
_00wx,3.430502755301339e-05
_00wM,3.224877035541899e-05
_00x0,3.910623490810394e-05
_00xf,3.5923757370869824e-05
_00xu,2.570487746042223e-05
_00xJ,3.315597180499146e-05
_00xY,3.544677644086307e-05
_00yc,3.272411870021446e-05
_00yr,3.427641732352121e-05
_00yG,3.2107035319010414e-05
_00yV,3.616126267226426e-05
_00z9,3.4857127401563856e-05
_00zo,3.4529587318157325e-05
_00zD,4.1044235229492184e-05
_00zS,3.359128128398549e-05
_00A6,3.766475763536037e-05
_00Al,2.9694915998100054e-05
_00AA,2.7653949508250086e-05
_00AP,2.5062880256684755e-05
_00B3,2.869729245646616e-05
_00Bi,3.889707418588492e-05
_00Bx,3.384093980531435e-05
_00BM,3.77796314380787e-05
_00C0,3.806343913948449e-05
_00Cf,3.462637256005567e-05
_00Cu,3.277862464988625e-05
_00CJ,3.312569296821046e-05
_00CY,3.423963274274554e-05
_00Dc,4.084517316120427e-05
_00Dr,3.2111354496168055e-05
_00DG,3.206424224071013e-05
_00DV,3.824707205968959e-05
_00E9,3.409656611355868e-05
_00Eo,3.071504136536019e-05
_00ED,3.316511515698402e-05
_00ES,3.922171890735626e-05
_00F6,2.8585845773870293e-05
_00Fl,4.456739510055137e-05
_00FA,4.681694173367224e-05
_00FP,4.011917114257812e-05
_00G3,3.319581349690755e-05
_00Gi,3.4273887167171556e-05
_00Gx,3.285355906668908e-05
_00GM,3.256745960401452e-05
_00H0,2.7960239175977655e-05
_00Hf,5.351929437546503e-05
_00Hu,3.979130396767268e-05
_00HJ,3.5532822845675424e-05
_00HY,3.65493941481096e-05
_00Ic,3.6725237325656636e-05
_00Ir,3.385139723955575e-05
_00IG,3.016278857276553e-05
_00IV,3.69237816852072e-05
_00J9,3.9153065241820426e-05
_00Jo,3.6331190579179406e-05
_00JD,3.7912166479862094e-05
_00JS,3.743171691894531e-05
_00K6,3.320015281255991e-05
_00Kl,2.6057675941703246e-05
_00KA,3.466716391502777e-05
_00KP,3.749579191207886e-05
_00L3,3.947583279868429e-05
_00Li,3.355942415387443e-05
_00Lx,2.585505617075953e-05
_00LM,3.032250837846236e-05
_00M0,3.026202767195102e-05
_00Mf,3.745853900909424e-05
_00Mu,4.3547671774159305e-05
_00MJ,3.709086665400752e-05
_00MY,3.9404771459384226e-05
_00Nc,3.679887748058931e-05
_00Nr,3.3329592810736764e-05
_00NG,3.367626305782434e-05
_00NV,3.018723912985928e-05
_00O9,2.4487047779316803e-05
_00Oo,2.738983119459457e-05
_00OD,3.878830015197281e-05
_00OS,3.629836483278136e-05
_00P6,2.9073205105094022e-05
_00Pl,3.1073476366428514e-05
_00PA,2.6642481486002605e-05
_00PP,3.0136970152337867e-05
_00Q3,2.5722308036608572e-05
_00Qi,3.3328407689144735e-05
_00Qx,3.628799880760303e-05
_00QM,3.315755073597889e-05
_00R0,3.186001139841262e-05
_00Rf,3.07356438985685e-05
_00Ru,3.871302450856855e-05
_00RJ,3.273191015704785e-05
_00RY,2.7676313621563148e-05
_00Sc,2.5515653649154973e-05
_00Sr,3.294882021452251e-05
_00SG,3.477765454186333e-05
_00SV,3.734453400569176e-05
_00T9,4.395476558752227e-05
_00To,4.5817177574913783e-05
_00TD,4.091068189971301e-05
_00TS,3.2024085521698e-05
_00U6,4.074876270596943e-05
_00Ul,3.183412851777466e-05
_00UA,3.527473000919117e-05
_00UP,3.7910360278505266e-05
_00V3,4.0447235107421874e-05
_00Vi,3.3543868498368696e-05
_00Vx,4.601261832497337e-05
_00VM,4.292088885639989e-05
_00W0,3.221401801476112e-05
_00Wf,2.829368505100746e-05
_00Wu,4.63459226820204e-05
_00WJ,3.8080645683116486e-05
_00WY,4.100604135482038e-05
_00Xc,3.9243698120117186e-05
_00Xr,3.6493479776725494e-05
_00XG,3.936442923038564e-05
_00XV,2.4167390970083383e-05
_00Y9,3.810265125372471e-05
_00Yo,3.5774707794189456e-05
_00YD,3.490027259377872e-05
_00YS,3.9171427488327026e-05
_00Z6,2.9099542041157568e-05
_00Zl,4.248295800160553e-05
_00ZA,5.527019500732422e-05
_00ZP,2.9900244304112027e-05
_00_3,3.787830694397884e-05
_00_i,3.591269076227428e-05
_00_x,3.465062621011899e-05
_00_M,4.2793078300280446e-05
_0100,4.500414417908255e-05
_010f,4.016596173483228e-05
_010u,3.41155312278054e-05
_010J,3.277408620698856e-05
_010Y,4.119601676134559e-05
_011c,2.7984214228624737e-05
_011r,3.473295105828179e-05
_011G,3.7088806246533804e-05
_011V,4.061711888734986e-05
_0129,3.79844145341353e-05
_012o,3.172325182564651e-05
_012D,4.812044518016209e-05
_012S,3.933590768978296e-05
_0136,4.4159267259680704e-05
_013l,3.602350358482745e-05
_013A,3.5765642177558946e-05
_013P,3.9231869601464084e-05
_0143,2.3169060275979237e-05
_014i,3.450081266205886e-05
_014x,3.220602782846194e-05
_014M,3.1615480964566454e-05
_0150,3.147125244140625e-05
_015f,3.3834496059933224e-05
_015u,3.707320601851852e-05
_015J,3.888423626239483e-05
_015Y,3.0208607109225525e-05
_016c,4.039715676412095e-05
_016r,2.9088429042271207e-05
_016G,3.035957291281435e-05
_016V,4.075050354003906e-05
_0179,5.091811126133181e-05
_017o,2.4600051590616668e-05
_017D,2.301931381225586e-05
_017S,2.6879158425838388e-05
_0186,4.786140513869951e-05
_018l,3.718293231466542e-05
_018A,2.852895043113015e-05
_018P,3.184938127068198e-05
_0193,3.806749979654948e-05
_019i,3.579684666224888e-05
_019x,3.1554450591405235e-05
_019M,3.531832753876109e-05
_01a0,3.5780873791924836e-05
_01af,3.361701965332031e-05
_01au,3.5219722323947484e-05
_01aJ,4.522435299985044e-05
_01aY,3.256616385086723e-05
_01bc,2.9242910989900915e-05
_01br,2.811999803178766e-05
_01bG,3.4868717193603516e-05
_01bV,4.9706801627446147e-05
_01c9,2.9828417953567124e-05
_01co,4.2799140224937633e-05
_01cD,2.707956044096925e-05
_01cS,3.9864712812769134e-05
_01d6,4.6810257100613315e-05
_01dl,3.1628698672888413e-05
_01dA,4.2054278791443376e-05
_01dP,4.201977192854681e-05
_01e3,3.2092951521088806e-05
_01ei,3.389571164105389e-05
_01ex,3.328751981928107e-05
_01eM,3.138442098358531e-05
_01f0,4.28827399881477e-05
_01ff,3.126044022409539e-05
_01fu,3.1565365038420024e-05
_01fJ,4.0394644583425216e-05
_01fY,2.4757465394605107e-05
_01gc,4.386692716364275e-05
_01gr,4.379592672751768e-05
_01gG,4.658349063418327e-05
_01gV,2.337247133255005e-05
_01h9,3.976670522538442e-05
_01ho,3.6610159904334196e-05
_01hD,2.9340386390686035e-05
_01hS,3.299923891520632e-05
_01i6,3.4470667784241424e-05
_01il,3.281137445470789e-05
_01iA,3.329738155826108e-05
_01iP,3.57644898550851e-05
_01j3,4.197167349862052e-05
_01ji,3.1069939180930946e-05
_01jx,3.709495067596436e-05
_01jM,3.807580293114506e-05
_01k0,4.679911604551511e-05
_01kf,2.607409818184808e-05
_01ku,4.1814645131429035e-05
_01kJ,3.8782148870803017e-05
_01kY,3.954744714451587e-05
_01lc,3.18554556293852e-05
_01lr,2.9130037440810093e-05
_01lG,3.362342015208814e-05
_01lV,4.0425408271051224e-05
_01m9,4.421775020770173e-05
_01mo,3.942690397563734e-05
_01mD,3.7545249575660344e-05
_01mS,4.550176007407052e-05
_01n6,4.2607535177202366e-05
_01nl,3.106105401649238e-05
_01nA,3.170967102050781e-05
_01nP,3.680714800313938e-05
_01o3,3.314018249511719e-05
_01oi,2.4412116225884886e-05
_01ox,3.592116492135184e-05
_01oM,3.8878862247910613e-05
_01p0,2.926692628023917e-05
_01pf,3.458668545978825e-05
_01pu,3.6823398926678823e-05
_01pJ,3.9597973227500916e-05
_01pY,4.243648658364506e-05
_01qc,3.0586518437029365e-05
_01qr,3.565634999956403e-05
_01qG,2.6514938285758904e-05
_01qV,3.0964767376993604e-05
_01r9,2.460657808295919e-05
_01ro,3.5916055951799664e-05
_01rD,2.9061604472039973e-05
_01rS,3.220958094443044e-05
_01s6,2.9286727529441195e-05
_01sl,3.983467582642563e-05
_01sA,3.070464501014123e-05
_01sP,3.487981598952721e-05
_01t3,4.9081005033899526e-05
_01ti,3.0489600434595224e-05
_01tx,3.8486260634202226e-05
_01tM,3.144379061554115e-05
_01u0,3.590583801269531e-05
_01uf,3.8279831864451635e-05
_01uu,4.0705611066120424e-05
_01uJ,3.216459944441512e-05
_01uY,3.339449564615885e-05
_01vc,4.322916014581664e-05
_01vr,2.306946961011755e-05
_01vG,2.9695735258214613e-05
_01vV,4.858340857163915e-05
_01w9,2.8131153661880135e-05
_01wo,3.956058832604115e-05
_01wD,2.8919200507961975e-05
_01wS,2.7238026909206223e-05
_01x6,3.06018098385748e-05
_01xl,3.193406497730928e-05
_01xA,3.903180780545087e-05
_01xP,3.5730430058070595e-05
_01y3,3.749579191207886e-05
_01yi,3.361541952862836e-05
_01yx,3.8389976208026594e-05
_01yM,3.360496478134327e-05
_01z0,3.7017549787248884e-05
_01zf,3.1463848137707445e-05
_01zu,3.5121327354794454e-05
_01zJ,3.351948478005149e-05
_01zY,3.6489672777129386e-05
_01Ac,3.602521882640372e-05
_01Ar,3.255652142809583e-05
_01AG,3.0139842665339092e-05
_01AV,3.824525207053614e-05
_01B9,3.7476420402526855e-05
_01Bo,3.583884678003978e-05
_01BD,3.591496893700133e-05
_01BS,6.150908586455555e-05
_01C6,3.2254444655551705e-05
_01Cl,2.9617512719871023e-05
_01CA,4.00390625e-05
_01CP,4.5744148460594385e-05
_01D3,3.373542888052512e-05
_01Di,3.242948252683992e-05
_01Dx,3.419058663504464e-05
_01DM,3.839932478867568e-05
_01E0,3.5642158417474656e-05
_01Ef,3.23637937888121e-05
_01Eu,3.7497282028198244e-05
_01EJ,3.627198083060128e-05
_01EY,2.4972008723838655e-05
_01Fc,3.794287190292821e-05
_01Fr,3.896440778459821e-05
_01FG,2.697206312610257e-05
_01FV,3.948737317182886e-05
_01G9,4.081997444959191e-05
_01Go,2.852962130591983e-05
_01GD,3.655635527450673e-05
_01GS,3.603567560035062e-05
_01H6,2.5408950882341394e-05
_01Hl,2.760931094121274e-05
_01HA,2.7377748749946636e-05
_01HP,2.5269351428068136e-05
_01I3,4.1463158347389914e-05
_01Ii,2.570784821802256e-05
_01Ix,4.158335283768078e-05
_01IM,3.740787506103516e-05
_01J0,3.0925154020000434e-05
_01Jf,3.335793813069661e-05
_01Ju,4.486526761736188e-05
_01JJ,4.635696057920103e-05
_01JY,2.872603280203683e-05
_01Kc,3.510255080003005e-05
_01Kr,2.5327843014556582e-05
_01KG,4.2081880970161505e-05
_01KV,4.5557455583052204e-05
_01L9,3.1927096768745084e-05
_01Lo,4.5119105158625425e-05
_01LD,4.5772727209193106e-05
_01LS,3.7470703604836136e-05
_01M6,3.1560492915148174e-05
_01Ml,4.0529235716789e-05
_01MA,2.613781832388319e-05
_01MP,3.0397763712152008e-05
_01N3,4.276165292282735e-05
_01Ni,4.791450500488281e-05
_01Nx,4.7901698521205356e-05
_01NM,3.577300480433873e-05
_01O0,4.0445778820965744e-05
_01Of,3.602432482170336e-05
_01Ou,4.2672918624236806e-05
_01OJ,3.8466519779629176e-05
_01OY,4.3402198983841586e-05
_01Pc,4.2793078300280446e-05
_01Pr,3.783343589469178e-05
_01PG,3.58507142844775e-05
_01PV,3.3827151282358975e-05
_01Q9,3.1393860023059146e-05
_01Qo,1.9608551126108705e-05
_01QD,3.973221936762728e-05
_01QS,3.7064375700774015e-05
_01R6,3.471630531669463e-05
_01Rl,5.179081323011866e-05
_01RA,3.761994211297286e-05
_01RP,7.249998009723166e-05
_01S3,3.8821567860684656e-05
_01Si,3.786793461552373e-05
_01Sx,3.388641917772886e-05
_01SM,3.760201590401786e-05
_01T0,4.018006259447908e-05
_01Tf,4.0019989013671874e-05
_01Tu,2.9107899341768433e-05
_01TJ,4.3157488107681274e-05
_01TY,4.6361375738073276e-05
_01Uc,2.9298604703417012e-05
_01Ur,4.3792309968367864e-05
_01UG,3.9992332458496096e-05
_01UV,3.868204946736343e-05
_01V9,3.128140060989945e-05
_01Vo,4.411094328936408e-05
_01VD,3.570246409220868e-05
_01VS,3.6723371865092844e-05
_01W6,4.206308678014955e-05
_01Wl,3.5448187201686156e-05
_01WA,3.0182114797620916e-05
_01WP,4.110179963659068e-05
_01X3,4.600414208003453e-05
_01Xi,2.5723530695988583e-05
_01Xx,3.198943386188132e-05
_01XM,4.61121400197347e-05
_01Y0,3.6248262377752774e-05
_01Yf,3.856328817514273e-05
_01Yu,3.8784994205958405e-05
_01YJ,3.7428158432690064e-05
_01YY,3.170588659861731e-05
_01Zc,3.567715765724719e-05
_01Zr,3.154575824737549e-05
_01ZG,3.847342271071214e-05
_01ZV,3.373216498981822e-05
_01_9,2.79642350180855e-05
_01_o,2.5725671661769885e-05
_01_D,3.461478507682069e-05
_01_S,3.311334066833092e-05
_0206,3.3778070614037926e-05
_020l,3.4541097180596713e-05
_020A,4.866979654552867e-05
_020P,2.8114640310908972e-05
_0213,4.322158879247205e-05
_021i,4.8555646623883925e-05
_021x,2.581469490804386e-05
_021M,3.5101791908001076e-05
_0220,4.2458211094879904e-05
_022f,4.808719341571514e-05
_022u,5.4476053818412446e-05
_022J,4.006767272949219e-05
_022Y,4.629735593442564e-05
_023c,4.4354295308611036e-05
_023r,2.614483562619405e-05
_023G,3.390504209787253e-05
_023V,4.5174457987800975e-05
_0249,6.00886344909668e-05
_024o,4.006385803222656e-05
_024D,3.378455703322952e-05
_024S,3.650548646775939e-05
_0256,3.429522385468354e-05
_025l,3.001789846820032e-05
_025A,7.154600960867746e-05
_025P,3.1636505530624794e-05
_0263,3.668394955721769e-05
_026i,5.504325195983216e-05
_026x,3.239915177628801e-05
_026M,3.536931284657725e-05
_0270,3.7634814227068865e-05
_027f,3.963150084018707e-05
_027u,3.074283248807755e-05
_027J,3.7373001895733736e-05
_027Y,2.9349049856496413e-05
_028c,4.812387319711538e-05
_028r,4.103144661324923e-05
_028G,3.987034474770854e-05
_028V,4.042733100152785e-05
_0299,2.9265008321622524e-05
_029o,4.196833897303868e-05
_029D,3.191012485771422e-05
_029S,3.7497282028198244e-05
_02a6,4.131159336446858e-05
_02al,4.791986374627976e-05
_02aA,3.880612990435432e-05
_02aP,3.4014383951822914e-05
_02b3,3.332649635163364e-05
_02bi,3.7059077510127316e-05
_02bx,3.0006882707042806e-05
_02bM,4.1715304056803386e-05
_02c0,3.0799345536665484e-05
_02cf,3.354869237760218e-05
_02cu,3.901811746450571e-05
_02cJ,4.4042573255651135e-05
_02cY,4.752098567902096e-05
_02dc,3.888545098242822e-05
_02dr,3.820467906393063e-05
_02dG,4.7236118676527494e-05
_02dV,2.931722319952332e-05
_02e9,4.8745938432895074e-05
_02eo,3.288473401750837e-05
_02eD,3.854595884984853e-05
_02eS,4.83624396785613e-05
_02f6,4.1370469380200396e-05
_02fl,4.002026149204799e-05
_02fA,2.3983311995364833e-05
_02fP,3.807347519953448e-05
_02g3,3.331502278645833e-05
_02gi,4.7287851009728774e-05
_02gx,3.892260712462586e-05
_02gM,4.04311764624811e-05
_02h0,4.818577032822829e-05
_02hf,3.978373512389168e-05
_02hu,3.572361809866769e-05
_02hJ,4.178484280904134e-05
_02hY,3.590386294754299e-05
_02ic,6.10206185317621e-05
_02ir,4.608847878196023e-05
_02iG,3.745910283681509e-05
_02iV,3.909692168235779e-05
_02j9,4.2267640431722005e-05
_02jo,4.135872706894047e-05
_02jD,4.0471553802490234e-05
_02jS,3.667326941006426e-05
_02k6,3.924480704374092e-05
_02kl,4.132720064525762e-05
_02kA,3.371184522455389e-05
_02kP,3.840194808112251e-05
_02l3,3.0009704228688978e-05
_02li,4.9619391413018256e-05
_02lx,3.8939853047215664e-05
_02lM,2.896152256767531e-05
_02m0,4.319281413637359e-05
_02mf,4.0688165804234946e-05
_02mu,3.89557618361253e-05
_02mJ,2.9272503323025172e-05
_02mY,3.2922154978701944e-05
_02nc,3.808423092490748e-05
_02nr,4.9614670253036045e-05
_02nG,3.5483456222263315e-05
_02nV,4.154394480807722e-05
_02o9,4.471930782351873e-05
_02oo,3.581520513439855e-05
_02oD,3.881971965464511e-05
_02oS,4.024989902973175e-05
_02p6,4.605379971590909e-05
_02pl,3.937880198160807e-05
_02pA,3.50837819060387e-05
_02pP,3.980276152843566e-05
_02q3,3.793571568742583e-05
_02qi,3.7439167499542236e-05
_02qx,4.275028522198017e-05
_02qM,3.852294041560246e-05
_02r0,3.8970433748685394e-05
_02rf,3.269103265577747e-05
_02ru,3.2745934779347934e-05
_02rJ,4.34025474216627e-05
_02rY,3.6096289044334774e-05
_02sc,4.2339166005452476e-05
_02sr,3.3345222473144535e-05
_02sG,3.335608376397027e-05
_02sV,3.821530919166127e-05
_02t9,2.9300519933251185e-05
_02to,2.6635064019097222e-05
_02tD,3.0750145941424224e-05
_02tS,3.1733662827209856e-05
_02u6,3.414666092635801e-05
_02ul,3.491598984290813e-05
_02uA,4.0346576321509575e-05
_02uP,3.5824094499860493e-05
_02v3,3.694752116262177e-05
_02vi,3.3849623145126713e-05
_02vx,4.1113525140480916e-05
_02vM,3.2169384192366624e-05
_02w0,4.548159512606534e-05
_02wf,6.470619103847406e-05
_02wu,5.639394124348958e-05
_02wJ,3.388507218010681e-05
_02wY,4.038887639199534e-05
_02xc,4.613071406653168e-05
_02xr,4.235506057739258e-05
_02xG,3.8873065601695665e-05
_02xV,4.252643449932125e-05
_02y9,4.236499468485514e-05
_02yo,4.916112931048284e-05
_02yD,4.979372024536133e-05
_02yS,3.8554118229792666e-05
_02z6,4.098649884833664e-05
_02zl,5.501443213158912e-05
_02zA,4.0832059136752425e-05
_02zP,4.722487251713591e-05
_02A3,3.312832742764805e-05
_02Ai,4.126943390944908e-05
_02Ax,4.47439295904977e-05
_02AM,4.4765757091009794e-05
_02B0,4.353523254394531e-05
_02Bf,4.426567955354674e-05
_02Bu,3.6117542220885494e-05
_02BJ,5.504325195983216e-05
_02BY,4.407606626811781e-05
_02Cc,4.384813517549612e-05
_02Cr,4.2458712044408765e-05
_02CG,4.368035689644191e-05
_02CV,3.785339754019211e-05
_02D9,3.590840779378742e-05
_02Do,4.3114026387532554e-05
_02DD,4.6857049532025775e-05
_02DS,4.4491438739067685e-05
_02E6,3.944415795175653e-05
_02El,6.103806379364758e-05
_02EA,4.035329061841208e-05
_02EP,4.064559936523437e-05
_02F3,4.913196090824348e-05
_02Fi,3.60572194478598e-05
_02Fx,4.243042509434587e-05
_02FM,3.479768152106298e-05
_02G0,3.0325398300633285e-05
_02Gf,5.438535109810207e-05
_02Gu,3.499873200355217e-05
_02GJ,2.353246821913608e-05
_02GY,3.4704440977515244e-05
_02Hc,4.299654476884483e-05
_02Hr,4.1590796576605906e-05
_02HG,4.659442726625215e-05
_02HV,3.911927342414856e-05
_02I9,6.956524319118923e-05
_02Io,3.31573064814615e-05
_02ID,4.474818706512451e-05
_02IS,4.5955727953429615e-05
_02J6,6.467782998386818e-05
_02Jl,5.0568821454288984e-05
_02JA,3.9380043745040894e-05
_02JP,3.5042762756347654e-05
_02K3,2.8704912468577115e-05
_02Ki,4.239877065022787e-05
_02Kx,3.0332141452365453e-05
_02KM,4.23590342203776e-05
_02L0,3.7614654445048395e-05
_02Lf,5.6590674058446346e-05
_02Lu,3.2825347704765125e-05
_02LJ,4.132720064525762e-05
_02LY,4.629735593442564e-05
_02Mc,4.198137393667678e-05
_02Mr,3.505586744188429e-05
_02MG,4.02210475681545e-05
_02MV,4.4726092239906046e-05
_02N9,3.652949984982717e-05
_02No,4.006398690713419e-05
_02ND,3.8008780995751644e-05
_02NS,4.014936653343407e-05
_02O6,4.874742948091947e-05
_02Ol,3.572021211896624e-05
_02OA,4.393914166618796e-05
_02OP,4.512984473426063e-05
_02P3,4.823162005497859e-05
_02Pi,3.330933981101606e-05
_02Px,3.119626659557132e-05
_02PM,2.9089822934542087e-05
_02Q0,3.605260106617819e-05
_02Qf,4.242234310861361e-05
_02Qu,3.282054440005795e-05
_02QJ,4.643526944247159e-05
_02QY,3.66155248488823e-05
_02Rc,5.893426782944623e-05
_02Rr,3.6435161563132304e-05
_02RG,4.583650881105715e-05
_02RV,4.4976110043733014e-05
_02S9,4.1774908701578776e-05
_02So,3.4188631898868156e-05
_02SD,4.509158600541882e-05
_02SS,4.077768650184683e-05
_02T6,2.6642330109126984e-05
_02Tl,3.465062621011899e-05
_02TA,4.508979338452332e-05
_02TP,4.081415936229675e-05
_02U3,3.3938952084988525e-05
_02Ui,3.304920698467054e-05
_02Ux,3.239222935267857e-05
_02UM,4.01611328125e-05
_02V0,3.4284918275597975e-05
_02Vf,3.5730885787748955e-05
_02Vu,2.9673670778180114e-05
_02VJ,2.8010209401448568e-05
_02VY,3.783204662266062e-05
_02Wc,4.6105818314985794e-05
_02Wr,4.220344650913292e-05
_02WG,5.270807366622122e-05
_02WV,3.7492811679840087e-05
_02X9,4.1874249776204425e-05
_02Xo,4.3690633430755395e-05
_02XD,4.324407288522431e-05
_02XS,3.777675747130969e-05
_02Y6,3.5427555893406723e-05
_02Yl,4.11076623885358e-05
_02YA,3.522634506225586e-05
_02YP,3.549393187177942e-05
_02Z3,4.3272972106933594e-05
_02Zi,3.884584849117366e-05
_02Zx,4.289700434758113e-05
_02ZM,4.254841635413204e-05
_02_0,4.6930931232593675e-05
_02_f,4.265689048446527e-05
_02_u,4.412816918414572e-05
_02_J,3.8192472385086176e-05
_02_Y,2.8643904432738568e-05
_030c,3.6013212135369826e-05
_030r,3.1078824345369516e-05
_030G,4.238193317995233e-05
_030V,4.094070003878686e-05
_0319,4.98809066473269e-05
_031o,3.5460884049093936e-05
_031D,3.541599620472301e-05
_031S,4.330298883451832e-05
_0326,4.069204252909839e-05
_032l,3.528091269479671e-05
_032A,3.422917546452703e-05
_032P,3.821379060198547e-05
_0333,4.237385119422007e-05
_033i,4.816284546485314e-05
_033x,3.9409297381260596e-05
_033M,3.8578654780532375e-05
_0340,4.023110785451876e-05
_034f,4.452153256064967e-05
_034u,2.7343875072041496e-05
_034J,2.853189195905413e-05
_034Y,4.8801736924254775e-05
_035c,4.078314556338923e-05
_035r,3.029962982794251e-05
_035G,4.135675666746029e-05
_035V,6.861556066225652e-05
_0369,3.8791996564051904e-05
_036o,3.5152715795180376e-05
_036D,3.323835485121783e-05
_036S,4.3180482140902814e-05
_0376,4.436676962333813e-05
_037l,3.590698013762514e-05
_037A,4.1703383127848305e-05
_037P,4.0994315850930135e-05
_0383,2.7635679816320745e-05
_038i,4.277710153275177e-05
_038x,3.915652632713318e-05
_038M,2.4405392733487215e-05
_0390,4.672600051104012e-05
_039f,3.230115755008218e-05
_039u,3.881602324256601e-05
_039J,5.0992965698242186e-05
_039Y,4.1943936308553396e-05
_03ac,3.525740663770219e-05
_03ar,3.26901497925527e-05
_03aG,3.411305830782692e-05
_03aV,4.3612101982379784e-05
_03b9,3.8324442124904546e-05
_03bo,4.042625427246094e-05
_03bD,4.76837158203125e-05
_03bS,3.702850902781767e-05
_03c6,4.2117944284647454e-05
_03cl,4.393594306811952e-05
_03cA,4.4423237181546394e-05
_03cP,4.0444635575817475e-05
_03d3,4.31658857959812e-05
_03di,3.558964956374395e-05
_03dx,4.0580148566259095e-05
_03dM,4.1947877111513753e-05
_03e0,4.4573724797341673e-05
_03ef,3.2901763916015625e-05
_03eu,3.6930515818352245e-05
_03eJ,3.864564968429449e-05
_03eY,3.759116883490496e-05
_03fc,4.5109512214373826e-05
_03fr,4.126564148933657e-05
_03fG,4.267692565917969e-05
_03fV,4.124474692177939e-05
_03g9,3.409224587517816e-05
_03go,3.7652209289091874e-05
_03gD,4.432897652144981e-05
_03gS,3.527192508473116e-05
_03h6,4.506828193377731e-05
_03hl,5.864629558488434e-05
_03hA,5.06448745727539e-05
_03hP,4.466942378452846e-05
_03i3,3.6916312049416936e-05
_03ii,3.882004664494441e-05
_03ix,2.8163614407391617e-05
_03iM,2.9132809749869413e-05
_03j0,4.2662901036879595e-05
_03jf,4.195166634512948e-05
_03ju,2.697462676673807e-05
_03jJ,4.372514527419518e-05
_03jY,3.550238643132203e-05
_03kc,5.0244211148814994e-05
_03kr,3.965198993682861e-05
_03kG,3.830439005142603e-05
_03kV,3.874574908773408e-05
_03l9,4.162553881035477e-05
_03lo,4.2196730492820205e-05
_03lD,2.7999200456129398e-05
_03lS,2.7550591362847223e-05
_03m6,3.518556293688322e-05
_03ml,3.881417503652646e-05
_03mA,3.8201572330853414e-05
_03mP,4.639448942961516e-05
_03n3,3.4644263131277905e-05
_03ni,3.958120942115784e-05
_03nx,3.656551992292885e-05
_03nM,3.9703798609853583e-05
_03o0,2.7982882281255457e-05
_03of,3.46686742077135e-05
_03ou,3.837010799310146e-05
_03oJ,3.796815872192383e-05
_03oY,4.19449972939658e-05
_03pc,2.930457131904468e-05
_03pr,2.9640401748412435e-05
_03pG,2.845964933696546e-05
_03pV,2.3822918116489305e-05
_03q9,3.70854008806883e-05
_03qo,3.230648656045237e-05
_03qD,2.8801652101370004e-05
_03qS,2.964431717550966e-05
_03r6,4.770642235165551e-05
_03rl,3.856328817514273e-05
_03rA,3.5196542739868164e-05
_03rP,2.2332583154950824e-05
_03s3,3.177407144129962e-05
_03si,3.0822080114613407e-05
_03sx,3.224611282348633e-05
_03sM,2.8744511220647e-05
_03t0,3.8766121679498245e-05
_03tf,3.088763886434169e-05
_03tu,2.921312704853628e-05
_03tJ,3.418792672708732e-05
_03tY,4.131849422011264e-05
_03uc,2.322363298992778e-05
_03ur,4.1412353515625e-05
_03uG,2.9450304367963007e-05
_03uV,3.403060290278221e-05
_03v9,3.218650817871094e-05
_03vo,3.522759550934905e-05
_03vD,3.574235098702567e-05
_03vS,4.8658304047166256e-05
_03w6,3.77633517846129e-05
_03wl,3.5774707794189456e-05
_03wA,4.524583215112085e-05
_03wP,4.035234451293945e-05
_03x3,4.260083462329621e-05
_03xi,6.381755179547249e-05
_03xx,3.955307907945528e-05
_03xM,4.201776841107537e-05
_03y0,3.506147373489469e-05
_03yf,4.7195632502717795e-05
_03yu,4.487804004124233e-05
_03yJ,3.911368548870087e-05
_03yY,3.653199133211679e-05
_03zc,3.401600584691884e-05
_03zr,3.844041090745192e-05
_03zG,4.023513537925362e-05
_03zV,4.673226971492589e-05
_03A9,3.2472920108151125e-05
_03Ao,3.121793270111084e-05
_03AD,5.051583954782197e-05
_03AS,3.4724672635396324e-05
_03B6,3.919570274602354e-05
_03Bl,3.631391387054886e-05
_03BA,6.497370732295048e-05
_03BP,4.8116995738102836e-05
_03C3,5.080740330582958e-05
_03Ci,3.8821567860684656e-05
_03Cx,3.6519809360921816e-05
_03CM,3.948494007712916e-05
_03D0,3.1245251496632896e-05
_03Df,3.443425790422914e-05
_03Du,3.8210672276620645e-05
_03DJ,4.039079912247196e-05
_03DY,3.278333377214818e-05
_03Ec,3.8036683789726826e-05
_03Er,4.6259164810180665e-05
_03EG,3.093284565013844e-05
_03EV,3.719329833984375e-05
_03F9,4.110924185138859e-05
_03Fo,4.008674621582031e-05
_03FD,3.68512195089589e-05
_03FS,3.365627149256264e-05
_03G6,3.2253162835233955e-05
_03Gl,2.6945083860367063e-05
_03GA,3.4368315408396165e-05
_03GP,3.906525671482086e-05
_03H3,2.8618403843470982e-05
_03Hi,3.810570790217473e-05
_03Hx,3.8323980389219343e-05
_03HM,4.001617431640625e-05
_03I0,3.792119748664625e-05
_03If,3.6800608915441174e-05
_03Iu,3.477808547346559e-05
_03IJ,3.133565187454224e-05
_03IY,4.0155410766601564e-05
_03Jc,2.9940805035436938e-05
_03Jr,3.248995000665838e-05
_03JG,2.873699839522199e-05
_03JV,3.4390858241489955e-05
_03K9,3.2096337049435344e-05
_03Ko,4.7247364835919075e-05
_03KD,2.8249665434137355e-05
_03KS,3.0578967339978245e-05
_03L6,3.25930424225636e-05
_03Ll,2.2171035645500062e-05
_03LA,4.0756008489345146e-05
_03LP,4.0065674554734e-05
_03M3,2.984323445156481e-05
_03Mi,2.189622308215956e-05
_03Mx,3.0299146732170426e-05
_03MM,3.251162442294034e-05
_03N0,5.033509484652815e-05
